,MIN,MON,SD,KC,PHI,STL,SF,ANA,NYY,ATL,HOU,LA,SEA,CWS,CIN,BAL,FLA,CLE,MIL,OAK,BOS,COL,ARI,NYM,CHC,TOR,TB,DET,TEX,PIT
WHIP,1.6209999999999998,1.7152,1.473846153846154,1.66,1.3,1.7966666666666669,1.4223809523809525,1.4373684210526316,1.4456521739130437,1.4618749999999998,1.3930434782608696,1.4263157894736842,1.4216666666666666,1.9405000000000001,1.5729999999999995,1.47,1.5750000000000002,1.6853571428571428,1.6169565217391304,1.4433333333333336,1.5942307692307691,1.5700000000000003,1.5718181818181818,1.6754166666666668,1.5247058823529416,1.647142857142857,1.6763636363636365,1.517,1.6533333333333333,1.61
ERA,6.686,6.265599999999999,5.202307692307692,5.94655172413793,4.06157894736842,7.855833333333333,4.520952380952381,4.917368421052632,4.271739130434782,4.8975,4.283913043478262,4.271578947368421,5.02111111111111,10.306999999999999,5.866,4.8629999999999995,5.405,6.355714285714285,5.609565217391305,4.537222222222222,5.965384615384616,5.582608695652173,4.871818181818181,6.08125,4.951764705882352,5.524285714285715,5.462727272727272,5.177000000000001,5.972592592592592,5.9513043478260865
pWAR,0.715,0.7999999999999998,-0.22692307692307695,0.506896551724138,0.3526315789473684,0.18750000000000003,0.6666666666666669,0.6842105263157893,1.082608695652174,0.3624999999999998,0.5478260869565219,1.0842105263157897,1.0722222222222222,0.9799999999999999,-0.21666666666666667,0.6099999999999999,0.7681818181818181,0.35000000000000014,0.1478260869565218,1.472222222222222,0.8423076923076924,-2.6548811458427657e-17,1.236363636363636,0.49166666666666675,1.3294117647058823,0.7380952380952378,0.13636363636363635,-0.13,-0.04814814814814815,0.3
