,CHW,TOR,KC,NYM,CHC,BAL,MIN,PIT,LAA,SF,COL,PHI,CIN,TB,DET,MIL,ATL,WSH,STL,LAD,OAK,BOS,SD,TEX,MIA,SEA,NYY,HOU,CLE,ARI
WHIP,1.3824,1.7938235294117648,1.6488,1.6942857142857142,1.673333333333333,1.3673076923076921,1.3792,1.3324,1.5417391304347823,1.4691304347826086,1.6003703703703704,1.4033333333333335,1.3505882352941176,1.3227777777777776,1.501304347826087,1.4704347826086954,1.2504761904761903,1.327368421052632,1.3679166666666667,1.4608,1.4291999999999998,1.5499999999999998,1.3946666666666665,1.4466666666666665,1.5252380952380953,1.4788888888888891,1.7120833333333332,1.5426923076923076,1.4020833333333333,1.6752173913043475
ERA,4.2588,7.100588235294118,5.118800000000001,8.245000000000001,5.119666666666668,3.8938461538461544,4.617599999999999,4.118399999999999,5.082173913043478,4.108260869565218,5.357777777777779,4.224166666666667,3.341764705882353,4.559444444444445,4.608260869565218,4.554347826086958,3.5652380952380955,3.9921052631578946,4.515,5.2059999999999995,4.188,5.811538461538462,4.409,5.151428571428571,5.272380952380952,4.903333333333332,6.4504166666666665,5.313846153846153,4.780833333333333,6.165217391304347
pWAR,0.88,0.1647058823529411,0.3880000000000001,0.3357142857142858,-8.141635513917814e-17,0.792307692307692,-0.13999999999999996,0.23999999999999994,0.18260869565217397,0.32173913043478275,0.5814814814814812,0.4708333333333334,1.611764705882353,1.2499999999999998,1.0869565217391304,0.2956521739130435,0.561904761904762,1.0631578947368423,0.44166666666666665,0.792,0.86,0.03846153846153843,0.07333333333333321,1.2714285714285711,0.6571428571428571,0.8166666666666667,0.7708333333333335,0.24615384615384622,-0.06666666666666675,0.6869565217391304
