,TOR,WSH,SF,BAL,ARI,CLE,CHC,ATL,CHW,LAA,STL,OAK,TB,TEX,LAD,CIN,HOU,MIN,MIL,NYM,SEA,SD,BOS,COL,PHI,PIT,DET,NYY,MIA,KC
WHIP,1.5727777777777776,1.4374193548387098,1.3955555555555554,1.8066666666666664,1.3723333333333336,1.5059259259259261,1.4642857142857144,1.5937142857142856,1.5161290322580643,1.5040000000000002,1.4560000000000002,1.5073529411764706,1.6393548387096775,1.3703125000000003,1.4838709677419355,1.5031250000000003,1.3045454545454545,1.6408333333333336,1.648,1.823333333333333,1.4159374999999998,1.5799999999999998,1.3443478260869568,2.0900000000000003,1.683125,1.6541666666666668,1.6578571428571427,1.5381481481481483,1.610344827586207,2.189259259259259
ERA,5.777222222222221,4.545483870967741,4.623333333333333,7.0763333333333325,4.513,5.285925925925926,5.223428571428572,6.001714285714286,5.48483870967742,5.157142857142858,4.507999999999999,6.1438235294117645,6.8829032258064515,4.3534375,6.550645161290323,5.3709375,3.328181818181818,7.1397222222222245,6.745000000000001,7.688999999999998,4.7084375000000005,5.614999999999999,4.155652173913043,7.14090909090909,6.888124999999999,5.762083333333333,6.560714285714285,5.543703703703704,6.316896551724138,8.234074074074075
pWAR,0.32499999999999996,0.7903225806451613,0.4111111111111111,0.2699999999999999,0.5133333333333331,0.7629629629629628,0.6657142857142857,0.434285714285714,0.1483870967741936,0.20285714285714285,0.25666666666666665,0.6970588235294117,0.5741935483870968,0.5218750000000001,0.5741935483870969,0.21249999999999997,1.4,0.361111111111111,0.4066666666666667,0.6133333333333334,0.4656249999999997,0.0033333333333332845,1.256521739130435,1.1772727272727272,0.85,0.5999999999999999,0.3071428571428572,0.8629629629629627,-0.3,0.029629629629629613
