,ARI,LA,CLE,MIL,NYM,CIN,OAK,PHI,SD,ANA,TOR,BOS,HOU,FLA,SF,SEA,STL,CWS,ATL,NYY,TEX,TB,CHC,PIT,BAL,KC,DET,MIN,MON,COL
WHIP,1.3727272727272726,1.3214285714285712,1.5687500000000003,1.5995833333333331,1.662857142857143,1.6568,1.2426666666666668,1.3168181818181817,1.5379999999999996,1.427222222222222,1.4519999999999997,1.4009090909090909,1.4856000000000003,2.2230434782608692,1.4383333333333332,1.2266666666666666,2.477142857142857,1.5904761904761904,1.5730434782608693,1.488,1.7116666666666667,1.566086956521739,1.6199999999999999,1.539090909090909,1.6318181818181818,1.5205263157894733,1.5968181818181817,1.5385714285714283,1.6082608695652179,1.4738461538461536
ERA,4.088636363636364,4.205238095238096,5.3808333333333325,5.1691666666666665,6.466190476190477,4.8052,3.3626666666666667,3.932272727272728,5.398399999999999,4.181666666666667,4.330499999999999,4.768636363636364,5.4584,10.257826086956522,4.836111111111111,3.9180000000000006,12.284761904761906,6.672380952380951,6.1130434782608685,5.2615,6.512083333333334,5.513913043478261,5.978999999999999,5.762272727272727,5.458636363636365,4.918947368421053,5.554090909090909,5.683809523809524,5.581304347826087,5.85076923076923
pWAR,1.1045454545454545,0.7333333333333334,0.6208333333333333,0.20416666666666658,0.4523809523809523,0.364,1.4533333333333334,0.21363636363636365,0.31999999999999995,0.9444444444444442,0.8700000000000001,0.9272727272727276,0.696,0.26956521739130446,0.4666666666666667,0.9933333333333334,0.33809523809523806,0.6428571428571431,0.8565217391304344,1.3049999999999997,0.18333333333333324,0.06521739130434788,0.7799999999999999,0.19999999999999993,0.09999999999999999,0.31578947368421056,0.2636363636363636,0.7619047619047613,0.4347826086956521,0.21153846153846154
