,LA,SD,BOS,CLE,PIT,MIL,ANA,CWS,STL,SF,DET,NYY,ATL,TOR,FLA,MIN,HOU,TEX,BAL,PHI,TB,CIN,CHC,ARI,OAK,MON,NYM,SEA,KC,COL
WHIP,1.3749999999999998,1.6669565217391307,1.6200000000000006,1.7439999999999998,1.4295454545454545,1.3486363636363636,1.5456250000000002,1.6072727272727272,1.1960000000000002,1.9227272727272726,1.4438888888888888,1.5204347826086957,1.4804761904761905,2.027916666666667,1.5396,1.7699999999999998,1.8460869565217388,1.7475862068965522,1.5745454545454545,1.398421052631579,1.5447826086956522,1.6631578947368417,1.5626315789473686,1.7564,1.691111111111111,1.5413636363636365,1.7875999999999999,1.6578260869565218,1.67,1.7749999999999995
ERA,4.031818181818182,7.260000000000001,4.993461538461539,6.925000000000001,4.425909090909091,4.575454545454544,4.901875,5.766363636363637,3.596,7.207727272727274,5.152222222222223,5.434782608695651,4.23952380952381,7.222916666666666,5.445999999999999,7.361666666666666,6.884347826086955,5.844137931034482,5.094090909090909,4.24578947368421,5.6121739130434785,5.876842105263157,5.261052631578948,5.8032,4.460555555555555,5.400454545454545,6.9036,5.776086956521738,5.886799999999999,6.658333333333332
pWAR,0.4636363636363637,0.4782608695652173,0.8230769230769227,0.05333333333333338,0.5818181818181817,0.6,1.03125,0.4272727272727272,0.7350000000000001,0.6863636363636365,0.36111111111111116,0.7913043478260869,0.6095238095238095,0.4000000000000001,0.3719999999999999,1.4555555555555553,0.5913043478260872,0.7379310344827584,0.6499999999999999,0.44736842105263147,0.2782608695652174,-0.3526315789473684,1.2421052631578944,0.15599999999999997,1.1166666666666671,0.3590909090909091,0.8080000000000002,0.35652173913043467,0.2080000000000001,0.09999999999999999
