,ATL,NYM,HOU,STL,SEA,TOR,TEX,OAK,NYY,CLE,DET,PHI,SF,SD,MIL,ARI,PIT,WAS,BOS,CWS,FLA,CIN,BAL,MIN,LAA,LA,TB,COL,CHC,KC
WHIP,1.6734615384615381,1.5581818181818183,1.2649999999999997,1.5110000000000001,1.3009523809523809,1.515294117647059,1.7120689655172407,1.335263157894737,1.6417857142857142,1.2670588235294118,1.3230434782608695,1.4083333333333332,1.4908333333333335,1.5791304347826087,1.4121052631578948,2.0340000000000003,1.5936842105263158,1.7616,1.6844,1.4005882352941177,1.834074074074074,1.8114285714285714,1.499,1.2486666666666666,1.3450000000000002,1.4184999999999997,1.6961904761904765,1.6999999999999997,1.5136363636363634,1.6095454545454544
ERA,4.805769230769231,5.073636363636364,4.1125,4.8735,4.347142857142858,5.327058823529413,6.629655172413794,4.267368421052631,6.373928571428571,3.5688235294117647,4.5260869565217385,4.959999999999999,4.732916666666667,5.797391304347826,3.913157894736842,9.857999999999999,6.748947368421052,6.725599999999999,6.1272,4.826470588235294,7.336296296296296,7.21952380952381,4.826,3.9786666666666664,4.149999999999999,4.834,6.229523809523809,5.970769230769231,5.06,5.922272727272727
pWAR,0.3769230769230768,0.9409090909090909,1.35625,0.7999999999999999,0.48571428571428565,0.9294117647058822,0.3448275862068964,1.0473684210526315,0.7107142857142855,0.864705882352941,0.12173913043478264,0.25555555555555565,0.5208333333333334,0.36521739130434777,0.8210526315789475,0.019999999999999917,0.2842105263157895,0.7239999999999996,0.7159999999999997,1.4529411764705884,0.6740740740740739,-0.019047619047619035,0.32499999999999996,1.4666666666666666,1.116666666666667,0.13999999999999999,-0.14761904761904765,0.2076923076923077,0.6954545454545454,0.18181818181818182
