,LAA,SD,DET,CHC,BOS,ARI,MIL,PHI,SEA,CHW,CLE,HOU,SF,TB,NYY,ATL,LAD,WSH,PIT,BAL,MIN,MIA,STL,KC,CIN,TEX,TOR,COL,NYM,OAK
WHIP,1.5151612903225808,1.4796875,2.003103448275862,1.6386206896551723,1.4259259259259263,1.1939130434782608,1.5913333333333337,1.5309677419354837,1.6578048780487804,1.3841935483870966,1.2799999999999998,1.505185185185185,1.3886363636363637,1.4480645161290324,1.28,1.4830769230769232,1.43,2.0574999999999997,1.5258333333333336,1.568076923076923,1.7183333333333333,1.4891666666666667,1.416,1.6275862068965519,1.5854838709677421,1.6845161290322581,1.954,1.4604761904761905,1.6146666666666671,1.4114285714285717
ERA,4.078387096774194,5.4090625,9.982068965517241,5.252068965517242,3.765185185185185,3.5747826086956516,4.704,6.135806451612902,5.919268292682928,4.607741935483872,3.4155,6.114444444444445,4.553181818181819,4.976774193548387,4.0440000000000005,5.095,4.776666666666666,10.810416666666667,4.794166666666667,5.6811538461538476,6.942222222222223,5.234999999999999,4.5604,5.9351724137931035,5.856451612903224,6.542258064516128,8.066285714285716,4.875238095238096,6.475999999999999,5.109642857142857
pWAR,0.35806451612903223,0.028125000000000074,0.3689655172413794,0.6344827586206896,0.874074074074074,1.2695652173913041,0.6466666666666664,0.44516129032258045,0.2926829268292684,0.38387096774193535,1.6950000000000003,0.6777777777777778,0.5090909090909089,0.30967741935483883,1.1519999999999997,0.3346153846153846,0.8666666666666665,1.3041666666666663,0.6583333333333335,0.30384615384615377,0.1666666666666667,2.312964634635743e-17,0.6119999999999999,0.5344827586206895,-0.04516129032258066,0.6161290322580643,0.43142857142857144,1.1333333333333333,0.17666666666666675,0.44642857142857145
