,ARI,BOS,STL,CLE,CHW,MIL,BAL,CIN,NYY,FLA,ATL,LAD,SD,TEX,TB,LAA,PHI,OAK,COL,KC,SF,WSH,CHC,PIT,NYM,SEA,TOR,DET,MIN,HOU
WHIP,1.7121428571428574,1.5996296296296295,1.4886363636363635,1.3863636363636365,1.4455,1.4424000000000001,1.6086956521739133,1.3243478260869568,1.3314285714285714,1.979032258064516,1.4342857142857142,1.628695652173913,1.2736842105263158,1.6481818181818182,1.361764705882353,1.48,1.4828571428571427,1.3800000000000001,1.4204347826086954,1.6971999999999996,1.444736842105263,1.5007692307692309,1.5934782608695657,1.7564285714285715,1.4395000000000002,1.4631818181818184,1.5479166666666668,1.6410000000000005,1.4566666666666666,1.7260000000000002
ERA,6.1503571428571435,5.432222222222223,4.305454545454546,4.006363636363637,4.4719999999999995,5.1132,5.524347826086957,4.01304347826087,4.338571428571429,7.158709677419355,4.531428571428571,5.052608695652174,3.88,5.334545454545455,4.968235294117647,4.202857142857143,4.629047619047618,3.896521739130435,4.074347826086957,6.34,3.8768421052631576,4.7942307692307695,5.59086956521739,7.176071428571428,4.0085,4.802272727272728,5.2004166666666665,8.004,4.376666666666667,6.0648
pWAR,0.07142857142857141,0.5037037037037035,0.5499999999999999,0.45909090909090905,1.15,-0.03599999999999999,0.3999999999999999,0.34782608695652173,0.6142857142857142,0.4935483870967743,0.8476190476190476,0.773913043478261,0.5894736842105265,0.9454545454545453,0.6470588235294119,0.604761904761905,1.0095238095238097,0.6043478260869565,0.6913043478260867,0.4680000000000002,1.0526315789473681,0.223076923076923,0.508695652173913,0.07142857142857137,0.615,0.39545454545454556,0.5833333333333336,0.36999999999999994,0.7857142857142859,0.43199999999999994
